{
	"_id": "100|1008709",
	"abo": {
		"$numberLong": 1008709
	},
	"aff": {
		"$numberInt": 100
	},
	"detail": {
		"abo": {
			"$numberLong": 1008709
		},
		"aboAttributes": {
			"aboNames": {
				"0": "MARCELLE CROMWELL",
				"1": "MARCELLE CROMWELL",
				"2": "MARCELLE TINISHA SWITHIN"
			},
			"country": "100",
			"entryDate": "1980-04-11 00:00:00.000000",
			"expireDate": "2019-10-31 00:00:00.000000",
			"legalEntity": "N"
		},
		"aff": {
			"$numberInt": 100
		},
		"businessNature": "1",
		"deltReasCd": " ",
		"frontLines": [
			{
				"abo": {
					"$numberLong": 8851678
				},
				"aboAttributes": {
					"aboNames": {
						"0": "MARCELLE CAROLANN ASHFORD",
						"1": "MARCELLE CAROLANN ASHFORD"
					},
					"country": "100",
					"entryDate": "2016-09-30 00:00:00.000000",
					"expireDate": "2019-09-30 00:00:00.000000",
					"legalEntity": " "
				},
				"aff": {
					"$numberInt": 100
				},
				"businessNature": "1",
				"deltReasCd": " ",
				"hasFrontLines": true,
				"hasIntlFrontLines": false,
				"inMktCount": {
					"$numberLong": 2
				},
				"intlCount": {
					"$numberLong": 0
				},
				"prgStatCd": " ",
				"privacyInfo": {
					"effDt": null,
					"expDt": null
				},
				"segmentCode": "9",
				"sourceData": {
					"bnsCustId": {
						"$numberLong": 406797920
					},
					"businessEntity": {
						"$numberLong": 100
					}
				},
				"sponsorAbo": {
					"$numberLong": 1008709
				},
				"sponsorAff": {
					"$numberInt": 100
				},
				"status": "1",
				"uplineInfo": {
					"intlSponAbo": {
						"$numberLong": 0
					},
					"intlSponAff": {
						"$numberInt": 0
					},
					"intlSponCountry": null,
					"intlSponName": null,
					"intlSponsorTypes": null,
					"platinumSponsor": {
						"$numberLong": 0
					}
				}
			},
			{
				"abo": {
					"$numberLong": 7957063
				},
				"aboAttributes": {
					"aboNames": {
						"0": "JAMILA CHUN ASHBY",
						"1": "JAMILA CHUN ASHBY",
						"2": "MARCELLE HEATON"
					},
					"country": "100",
					"entryDate": "2011-08-22 00:00:00.000000",
					"expireDate": "2012-08-22 00:00:00.000000",
					"legalEntity": " "
				},
				"aff": {
					"$numberInt": 100
				},
				"businessNature": "1",
				"deltReasCd": "8",
				"hasFrontLines": false,
				"hasIntlFrontLines": false,
				"inMktCount": {
					"$numberLong": 0
				},
				"intlCount": {
					"$numberLong": 0
				},
				"prgStatCd": "D",
				"privacyInfo": {
					"effDt": null,
					"expDt": null
				},
				"segmentCode": "9",
				"sourceData": {
					"bnsCustId": {
						"$numberLong": 345541465
					},
					"businessEntity": {
						"$numberLong": 100
					}
				},
				"sponsorAbo": {
					"$numberLong": 1008709
				},
				"sponsorAff": {
					"$numberInt": 100
				},
				"status": "2",
				"uplineInfo": {
					"intlSponAbo": {
						"$numberLong": 0
					},
					"intlSponAff": {
						"$numberInt": 0
					},
					"intlSponCountry": null,
					"intlSponName": null,
					"intlSponsorTypes": null,
					"platinumSponsor": {
						"$numberLong": 0
					}
				}
			},
			{
				"abo": {
					"$numberLong": 8949277
				},
				"aboAttributes": {
					"aboNames": {
						"0": "GENE KRISTINE BURR",
						"1": "GENE KRISTINE BURR"
					},
					"country": "100",
					"entryDate": "2017-08-23 00:00:00.000000",
					"expireDate": "2019-08-23 00:00:00.000000",
					"legalEntity": " "
				},
				"aff": {
					"$numberInt": 100
				},
				"businessNature": "1",
				"deltReasCd": " ",
				"hasFrontLines": false,
				"hasIntlFrontLines": false,
				"inMktCount": {
					"$numberLong": 0
				},
				"intlCount": {
					"$numberLong": 0
				},
				"prgStatCd": " ",
				"privacyInfo": {
					"effDt": null,
					"expDt": null
				},
				"segmentCode": "9",
				"sourceData": {
					"bnsCustId": {
						"$numberLong": 413077611
					},
					"businessEntity": {
						"$numberLong": 100
					}
				},
				"sponsorAbo": {
					"$numberLong": 1008709
				},
				"sponsorAff": {
					"$numberInt": 100
				},
				"status": "1",
				"uplineInfo": {
					"intlSponAbo": {
						"$numberLong": 0
					},
					"intlSponAff": {
						"$numberInt": 0
					},
					"intlSponCountry": null,
					"intlSponName": null,
					"intlSponsorTypes": null,
					"platinumSponsor": {
						"$numberLong": 0
					}
				}
			},
			{
				"abo": {
					"$numberLong": 5250975
				},
				"aboAttributes": {
					"aboNames": {
						"0": "KIZZY ANISSA AFFLECK",
						"1": "KIZZY ANISSA AFFLECK"
					},
					"country": "100",
					"entryDate": "1986-12-02 00:00:00.000000",
					"expireDate": "2011-10-31 00:00:00.000000",
					"legalEntity": "N"
				},
				"aff": {
					"$numberInt": 100
				},
				"businessNature": "1",
				"deltReasCd": "8",
				"hasFrontLines": false,
				"hasIntlFrontLines": false,
				"inMktCount": {
					"$numberLong": 0
				},
				"intlCount": {
					"$numberLong": 0
				},
				"prgStatCd": "D",
				"privacyInfo": {
					"effDt": null,
					"expDt": null
				},
				"segmentCode": "9",
				"sourceData": {
					"bnsCustId": {
						"$numberLong": 4519392
					},
					"businessEntity": {
						"$numberLong": 100
					}
				},
				"sponsorAbo": {
					"$numberLong": 1008709
				},
				"sponsorAff": {
					"$numberInt": 100
				},
				"status": "2",
				"uplineInfo": {
					"intlSponAbo": {
						"$numberLong": 0
					},
					"intlSponAff": {
						"$numberInt": 0
					},
					"intlSponCountry": null,
					"intlSponName": null,
					"intlSponsorTypes": null,
					"platinumSponsor": {
						"$numberLong": 0
					}
				}
			},
			{
				"abo": {
					"$numberLong": 5288788
				},
				"aboAttributes": {
					"aboNames": {
						"0": "SOON CLEAVER",
						"1": "SOON CLEAVER",
						"2": "FRANKIE LAUREN BOSTWICK"
					},
					"country": "100",
					"entryDate": "1987-09-08 00:00:00.000000",
					"expireDate": "2009-09-08 00:00:00.000000",
					"legalEntity": "N"
				},
				"aff": {
					"$numberInt": 100
				},
				"businessNature": "1",
				"deltReasCd": "8",
				"hasFrontLines": false,
				"hasIntlFrontLines": false,
				"inMktCount": {
					"$numberLong": 0
				},
				"intlCount": {
					"$numberLong": 0
				},
				"prgStatCd": "D",
				"privacyInfo": {
					"effDt": null,
					"expDt": null
				},
				"segmentCode": "9",
				"sourceData": {
					"bnsCustId": {
						"$numberLong": 4519395
					},
					"businessEntity": {
						"$numberLong": 100
					}
				},
				"sponsorAbo": {
					"$numberLong": 1008709
				},
				"sponsorAff": {
					"$numberInt": 100
				},
				"status": "2",
				"uplineInfo": {
					"intlSponAbo": {
						"$numberLong": 0
					},
					"intlSponAff": {
						"$numberInt": 0
					},
					"intlSponCountry": null,
					"intlSponName": null,
					"intlSponsorTypes": null,
					"platinumSponsor": {
						"$numberLong": 0
					}
				}
			},
			{
				"abo": {
					"$numberLong": 9178421
				},
				"aboAttributes": {
					"aboNames": {
						"0": "JAMEY LETTIE EMERSON",
						"1": "JAMEY LETTIE EMERSON",
						"2": "FILOMENA LAVADA ACTON"
					},
					"country": "530",
					"entryDate": "2013-01-18 00:00:00.000000",
					"expireDate": "2014-01-18 00:00:00.000000",
					"legalEntity": " "
				},
				"aff": {
					"$numberInt": 100
				},
				"businessNature": "1",
				"deltReasCd": "8",
				"hasFrontLines": false,
				"hasIntlFrontLines": false,
				"inMktCount": {
					"$numberLong": 0
				},
				"intlCount": {
					"$numberLong": 0
				},
				"prgStatCd": " ",
				"privacyInfo": {
					"effDt": null,
					"expDt": null
				},
				"segmentCode": "9",
				"sourceData": {
					"bnsCustId": {
						"$numberLong": 358895207
					},
					"businessEntity": {
						"$numberLong": 530
					}
				},
				"sponsorAbo": {
					"$numberLong": 1008709
				},
				"sponsorAff": {
					"$numberInt": 100
				},
				"status": "2",
				"uplineInfo": {
					"intlSponAbo": {
						"$numberLong": 0
					},
					"intlSponAff": {
						"$numberInt": 0
					},
					"intlSponCountry": null,
					"intlSponName": null,
					"intlSponsorTypes": null,
					"platinumSponsor": {
						"$numberLong": 0
					}
				}
			},
			{
				"abo": {
					"$numberLong": 1008738
				},
				"aboAttributes": {
					"aboNames": {
						"0": "ANTIONETTE REID SAUNDRA ALFORD",
						"1": "KARINA LYMAN EDWIN",
						"2": "KRISTIAN MARYA BRETON",
						"5": "ANTIONETTE REID SAUNDRA ALFORD",
						"6": "KARINA LYMAN YVONNE BRETON"
					},
					"country": "100",
					"entryDate": "1980-11-12 00:00:00.000000",
					"expireDate": "2019-10-31 00:00:00.000000",
					"legalEntity": "Y"
				},
				"aff": {
					"$numberInt": 100
				},
				"businessNature": "1",
				"deltReasCd": " ",
				"hasFrontLines": true,
				"hasIntlFrontLines": true,
				"inMktCount": {
					"$numberLong": 26
				},
				"intlCount": {
					"$numberLong": 53
				},
				"prgStatCd": " ",
				"privacyInfo": {
					"effDt": null,
					"expDt": null
				},
				"segmentCode": "2",
				"sourceData": {
					"bnsCustId": {
						"$numberLong": 4519389
					},
					"businessEntity": {
						"$numberLong": 100
					}
				},
				"sponsorAbo": {
					"$numberLong": 1008709
				},
				"sponsorAff": {
					"$numberInt": 100
				},
				"status": "1",
				"uplineInfo": {
					"intlSponAbo": {
						"$numberLong": 0
					},
					"intlSponAff": {
						"$numberInt": 0
					},
					"intlSponCountry": null,
					"intlSponName": null,
					"intlSponsorTypes": null,
					"platinumSponsor": {
						"$numberLong": 0
					}
				}
			},
			{
				"abo": {
					"$numberLong": 5265653
				},
				"aboAttributes": {
					"aboNames": {
						"0": "HONG ANDRES SCHELLDEN",
						"1": "HONG ANDRES SCHELLDEN"
					},
					"country": "100",
					"entryDate": "1987-02-25 00:00:00.000000",
					"expireDate": "2019-10-31 00:00:00.000000",
					"legalEntity": "N"
				},
				"aff": {
					"$numberInt": 100
				},
				"businessNature": "1",
				"deltReasCd": " ",
				"hasFrontLines": true,
				"hasIntlFrontLines": false,
				"inMktCount": {
					"$numberLong": 1
				},
				"intlCount": {
					"$numberLong": 0
				},
				"prgStatCd": " ",
				"privacyInfo": {
					"effDt": null,
					"expDt": null
				},
				"segmentCode": "9",
				"sourceData": {
					"bnsCustId": {
						"$numberLong": 4519393
					},
					"businessEntity": {
						"$numberLong": 100
					}
				},
				"sponsorAbo": {
					"$numberLong": 1008709
				},
				"sponsorAff": {
					"$numberInt": 100
				},
				"status": "1",
				"uplineInfo": {
					"intlSponAbo": {
						"$numberLong": 0
					},
					"intlSponAff": {
						"$numberInt": 0
					},
					"intlSponCountry": null,
					"intlSponName": null,
					"intlSponsorTypes": null,
					"platinumSponsor": {
						"$numberLong": 0
					}
				}
			},
			{
				"abo": {
					"$numberLong": 8910485
				},
				"aboAttributes": {
					"aboNames": {
						"0": "ANISSA MELINA FAGG",
						"1": "ANISSA MELINA FAGG"
					},
					"country": "100",
					"entryDate": "2017-04-13 00:00:00.000000",
					"expireDate": "2018-04-13 00:00:00.000000",
					"legalEntity": " "
				},
				"aff": {
					"$numberInt": 100
				},
				"businessNature": "1",
				"deltReasCd": "8",
				"hasFrontLines": false,
				"hasIntlFrontLines": false,
				"inMktCount": {
					"$numberLong": 0
				},
				"intlCount": {
					"$numberLong": 0
				},
				"prgStatCd": " ",
				"privacyInfo": {
					"effDt": null,
					"expDt": null
				},
				"segmentCode": "9",
				"sourceData": {
					"bnsCustId": {
						"$numberLong": 410682823
					},
					"businessEntity": {
						"$numberLong": 100
					}
				},
				"sponsorAbo": {
					"$numberLong": 1008709
				},
				"sponsorAff": {
					"$numberInt": 100
				},
				"status": "2",
				"uplineInfo": {
					"intlSponAbo": {
						"$numberLong": 0
					},
					"intlSponAff": {
						"$numberInt": 0
					},
					"intlSponCountry": null,
					"intlSponName": null,
					"intlSponsorTypes": null,
					"platinumSponsor": {
						"$numberLong": 0
					}
				}
			},
			{
				"abo": {
					"$numberLong": 8972380
				},
				"aboAttributes": {
					"aboNames": {
						"0": "SOMMER GRAHAM RANDAL",
						"1": "SOMMER GRAHAM RANDAL"
					},
					"country": "100",
					"entryDate": "2017-10-15 00:00:00.000000",
					"expireDate": "2019-10-15 00:00:00.000000",
					"legalEntity": " "
				},
				"aff": {
					"$numberInt": 100
				},
				"businessNature": "1",
				"deltReasCd": " ",
				"hasFrontLines": false,
				"hasIntlFrontLines": false,
				"inMktCount": {
					"$numberLong": 0
				},
				"intlCount": {
					"$numberLong": 0
				},
				"prgStatCd": " ",
				"privacyInfo": {
					"effDt": null,
					"expDt": null
				},
				"segmentCode": "9",
				"sourceData": {
					"bnsCustId": {
						"$numberLong": 414308957
					},
					"businessEntity": {
						"$numberLong": 100
					}
				},
				"sponsorAbo": {
					"$numberLong": 1008709
				},
				"sponsorAff": {
					"$numberInt": 100
				},
				"status": "1",
				"uplineInfo": {
					"intlSponAbo": {
						"$numberLong": 0
					},
					"intlSponAff": {
						"$numberInt": 0
					},
					"intlSponCountry": null,
					"intlSponName": null,
					"intlSponsorTypes": null,
					"platinumSponsor": {
						"$numberLong": 0
					}
				}
			},
			{
				"abo": {
					"$numberLong": 2250218
				},
				"aboAttributes": {
					"aboNames": {
						"0": "KARINA LAVADA BOWNE",
						"1": "KARINA LAVADA BOWNE"
					},
					"country": "100",
					"entryDate": "1984-09-24 00:00:00.000000",
					"expireDate": "2019-10-31 00:00:00.000000",
					"legalEntity": "N"
				},
				"aff": {
					"$numberInt": 100
				},
				"businessNature": "1",
				"deltReasCd": " ",
				"hasFrontLines": false,
				"hasIntlFrontLines": false,
				"inMktCount": {
					"$numberLong": 0
				},
				"intlCount": {
					"$numberLong": 0
				},
				"prgStatCd": " ",
				"privacyInfo": {
					"effDt": null,
					"expDt": null
				},
				"segmentCode": "9",
				"sourceData": {
					"bnsCustId": {
						"$numberLong": 4519390
					},
					"businessEntity": {
						"$numberLong": 100
					}
				},
				"sponsorAbo": {
					"$numberLong": 1008709
				},
				"sponsorAff": {
					"$numberInt": 100
				},
				"status": "1",
				"uplineInfo": {
					"intlSponAbo": {
						"$numberLong": 0
					},
					"intlSponAff": {
						"$numberInt": 0
					},
					"intlSponCountry": null,
					"intlSponName": null,
					"intlSponsorTypes": null,
					"platinumSponsor": {
						"$numberLong": 0
					}
				}
			},
			{
				"abo": {
					"$numberLong": 9224931
				},
				"aboAttributes": {
					"aboNames": {
						"0": "ANISSA PAMULA CRITTENDEN",
						"1": "ANISSA PAMULA CRITTENDEN",
						"2": "PAMULA REMA TREMAINE"
					},
					"country": "530",
					"entryDate": "2017-10-22 00:00:00.000000",
					"expireDate": "2018-10-22 00:00:00.000000",
					"legalEntity": " "
				},
				"aff": {
					"$numberInt": 100
				},
				"businessNature": "1",
				"deltReasCd": " ",
				"hasFrontLines": false,
				"hasIntlFrontLines": false,
				"inMktCount": {
					"$numberLong": 0
				},
				"intlCount": {
					"$numberLong": 0
				},
				"prgStatCd": " ",
				"privacyInfo": {
					"effDt": null,
					"expDt": null
				},
				"segmentCode": "9",
				"sourceData": {
					"bnsCustId": {
						"$numberLong": 414430485
					},
					"businessEntity": {
						"$numberLong": 530
					}
				},
				"sponsorAbo": {
					"$numberLong": 1008709
				},
				"sponsorAff": {
					"$numberInt": 100
				},
				"status": "1",
				"uplineInfo": {
					"intlSponAbo": {
						"$numberLong": 0
					},
					"intlSponAff": {
						"$numberInt": 0
					},
					"intlSponCountry": null,
					"intlSponName": null,
					"intlSponsorTypes": null,
					"platinumSponsor": {
						"$numberLong": 0
					}
				}
			}
		],
		"hasFrontLines": true,
		"hasIntlFrontLines": true,
		"inMktCount": {
			"$numberLong": 12
		},
		"intlCount": {
			"$numberLong": 1
		},
		"intlFrontLines": [
			{
				"abo": {
					"$numberLong": 7915538
				},
				"aboAttributes": {
					"aboNames": {
						"0": "ROLLAND WALDGRAVE",
						"1": "ROLLAND WALDGRAVE"
					},
					"country": "050",
					"entryDate": "2011-03-31 00:00:00.000000",
					"expireDate": "2013-02-28 00:00:00.000000",
					"legalEntity": " "
				},
				"aff": {
					"$numberInt": 360
				},
				"businessNature": "1",
				"deltReasCd": "8",
				"hasFrontLines": false,
				"hasIntlFrontLines": false,
				"inMktCount": {
					"$numberLong": 0
				},
				"intlCount": {
					"$numberLong": 0
				},
				"prgStatCd": "D",
				"privacyInfo": {
					"effDt": "2018-10-24",
					"expDt": "2018-11-02"
				},
				"segmentCode": "9",
				"sourceData": {
					"bnsCustId": {
						"$numberLong": 340962792
					},
					"businessEntity": {
						"$numberLong": 50
					}
				},
				"sponsorAbo": {
					"$numberLong": 9844683
				},
				"sponsorAff": {
					"$numberInt": 360
				},
				"status": "2",
				"uplineInfo": {
					"intlSponAbo": {
						"$numberLong": 1008709
					},
					"intlSponAff": {
						"$numberInt": 100
					},
					"intlSponCountry": "050",
					"intlSponName": {
						"0": "MARCELLE CROMWELL",
						"1": "MARCELLE CROMWELL",
						"2": "MARCELLE TINISHA SWITHIN"
					},
					"intlSponsorTypes": {
						"B": "B"
					},
					"platinumSponsor": {
						"$numberLong": 0
					}
				}
			}
		],
		"prgStatCd": " ",
		"privacyInfo": {
			"effDt": null,
			"expDt": null
		},
		"segmentCode": "6",
		"sourceData": {
			"bnsCustId": {
				"$numberLong": 4551687
			},
			"businessEntity": {
				"$numberLong": 100
			}
		},
		"sponsorAbo": {
			"$numberLong": 3388647
		},
		"sponsorAff": {
			"$numberInt": 100
		},
		"status": "1",
		"uplineInfo": {
			"intlSponAbo": {
				"$numberLong": 0
			},
			"intlSponAff": {
				"$numberInt": 0
			},
			"intlSponCountry": null,
			"intlSponName": null,
			"intlSponsorTypes": null,
			"platinumSponsor": {
				"$numberLong": 0
			}
		}
	},
	"metadata": {
		"topics": [
			{
				"attunity": {
					"changeSequence": "20181102003441000000000000000000105",
					"timestamp": "2018-11-02T00:34:41.000"
				},
				"maprdb": {
					"operation": "UPDATE",
					"timestamp": {
						"$numberLong": 1549337453644
					}
				},
				"sourceDB": {
					"audit_chng_dtm": "2018-11-01 20:34:41",
					"audit_creat_dtm": "2018-10-24 20:39:06"
				},
				"streams": {
					"offset": {
						"$numberLong": 6
					},
					"partition": {
						"$numberLong": 0
					},
					"timestamp": {
						"$numberLong": 1549337453486
					},
					"topic": "/user/satya/streams:AIUGVU1.WWT09004_BLCKSPRIVS_DIST"
				}
			}
		]
	}
}